Sno;Site Name;Country
0;Galapagos Islands;Galapagos Islands
1;Quito;Quito
2;Aachen Cathedral;Aachen
3;L'Anse aux Meadows;L'Anse aux Meadows
4;Ichkeul National Park;Ichkeul
5;Simien National Park;Simien Mountains
6;Lower Valley of the Awash;Lower Valley of the Awash
7;Tiya;Tiya
8;Melka Kunture and Balchit;Melka Kunture
9;Aksum;Aksum
10;Lower Valley of the Omo;Lower Valley of the Omo
11;Lalibela;Lalibela
12;Fasil Ghebbi;Fasil Ghebbi
13;Damascus;Damascus
14;Aleppo;Aleppo
15;Bosra;Bosra
16;Palmyra;Palmyra
17;Nahanni National Park;Nahanni National Park
18;Djoudj;Djoudj
19;Island of Gorée;Gorée
20;Mesa Verde;Mesa Verde
21;Yellowstone;Yellowstone
22;Kraków;Kraków
23;Warsaw;Warsaw
24;Auschwitz Birkenau;Auschwitz
25;Wieliczka and Bochnia Royal Salt Mines;Wieliczka
26;Białowieża Forest;Białowieża
27;Forts and Castles Gold Coast;Gold Coast
28;Asante Traditional Buildings;Asante
29;Medina of Tunis;Tunis
30;Carthage;Carthage
31;Amphitheater of El Jem;El Jem
32;Ngorongoro;Ngorongoro
33;Boyana Church;Boyana
34;Madara Rider;Madara
35;Thracian tomb of Kazanlak;Kazanlak
36;Rock-hewn Churches of Ivanovo;Ivanovo
37;Røros;Røros
38;Urnes Stave Church;Urnes
39;Bryggen;Bryggen
40;Virunga National Park;Virunga
41;Tikal National Park;Tikal
42;Antigua Guatemala;Antigua
43;Dinosaur Provincial Park;Dinosaur
44;Glacier parks;Glacier
45;Grand Canyon;Grand Canyon
46;Everglades;Everglades
47;Independence Hall;Independence Hall
48;Paphos;Paphos
49;Mont-Saint-Michel;Mont-Saint-Michel
50;Chartres Cathedral;Chartres
51;Versailles;Versailles
52;Vézelay;Vézelay
53;Vézère Valley;Vézère Valley
54;Pyramids (Memphis);Memphis
55;Ancient Thebes;Thebes
56;Nubian Monuments;Nubian Monuments
57;Historic Cairo;Cairo
58;Abu Mena;Abu Mena
59;Rome;Rome
60;Santa Maria delle Grazie;Santa Maria delle Grazie
61;Rock Drawings in Valcamonica;Valcamonica
62;Dubrovnik;Dubrovnik
63;Stari Ras and Sopocani;Stari Ras
64;Split;Split
65;Plitvice Lakes;Plitvice Lakes
66;Ohrid Region;Ohrid
67;Durmitor National Park;Durmitor
68;Al Qal'a of Beni Hammad;Al Qal'a of Beni Hammad
69;Bale Mountains National Park;Bale Mountains
70;Tchogha Zanbil;Tchogha Zanbil
71;Persepolis;Persepolis
72;Meidan Emam Esfahan;Esfahan
73;Djenné;Djenné
74;Timbuktu;Timbuktu
75;Sagarmatha National Park;Sagarmatha
76;Kathmandu Valley;Kathmandu
77;Ouro Preto;Ouro Preto
78;Kotor;Kotor
79;Copán;Copán
80;Hal Saflieni Hypogeum;Paola;
81;Valletta;Valletta
82;Megalithic Temples of Malta;Megalithic Temples
83;Redwood;Redwood
84;Portobelo-San Lorenzo;Portobelo
85;Garamba National Park;Garamba
86;Kahuzi-Biega National Park;Kahuzi-Biega
87;Moenjodaro;Moenjodaro
88;Taxila;Taxila
89;Takht-i-Bahi;Takht-i-Bahi
90;Makli Thatta;Makli
91;Ruins of Kilwa Kisiwani and Songo Mnara;Kilwa Kisiwani
92;Los Glaciares;Los Glaciares
93;Kakadu National Park;Kakadu
94;Old City of Jerusalem;Jerusalem
95;Quirigua;Quirigua
96;Mammoth Cave;Mammoth Cave
97;Olympic National Park;Olympic National Park
98;Niokolo-Koba National Park;Niokolo-Koba
99;Great Barrier Reef;Great Barrier Reef
100;Mount Nimba;Mount Nimba
101;Serengeti;Serengeti
102;SGang Gwaay;SGang Gwaay;
103;Head-Smashed-In Buffalo Jump;Alberta;
104;Darien National Park;Darien
105;Fontainebleau;Fontainebleau
106;Amiens Cathedral;Amiens
107;Orange;Orange
108;Arles;Arles
109;Cistercian Abbey of Fontenay;Fontenay
110;Sydney Opera House;Sydney
111;Willandra Lakes;Willandra Lakes
112;Speyer Cathedral;Speyer
113;Würzburg Residence;Würzburg
114;Medina of Fez;Fez
115;Fort and Shalamar Gardens;Shalamar Gardens
116;Stone Town of Zanzibar;Zanzibar
117;Florence;Florence
118;Medici Villas and Gardens;Medici Villas
119;Tassili n'Ajjer;Algeria;
120;National History Park;National History Park
121;Tasmanian Wilderness;Tasmanian Wilderness
122;Leptis Magna;Leptis Magna
123;Sabratha;Sabratha
124;Aldabra Atoll;Aldabra Atoll
125;Lord Howe Island;Lord Howe Island
126;Hildesheim Cathedral and Church;Hildesheim
127;M'Zab Valley;M'Zab Valley
128;Olinda;Olinda
129;Cyrene;Cyrene
130;Djémila;Djémila
131;Shibam;Shibam
132;Tipasa;Tipasa
133;Timgad;Timgad
134;Taï National Park;Taï National Park
135;Rio Platano Biosphere Reserve;Rio Platano
136;Cahokia Mounds;Cahokia Mounds
137;Selous Game Reserve;Selous
138;Anuradhapura;Anuradhapura
139;Polonnaruva;Polonnaruva
140;Sigiriya;Sigiriya
141;Royal Saltworks of Arc-et-Senans;Arc-et-Senans
142;Old Havana;Havana
143;Talamanca Range-La Amistad Reserves;Talamanca Range-La Amistad
144;Angra do Heroismo;Angra do Heroismo
145;Bamiyan Valley;Bamiyan
146;Minaret of Jam;Jam
147;Rila Monastery;Rila
148;Nessebar;Nessebar
149;Srebarna Nature Reserve;Srebarna
150;Pirin National Park;Pirin
151;Comoé National Park;Comoé
152;Avignon;Avignon
153;Nancy;Nancy
154;Saint-Savin sur Gartempe;Saint-Savin sur Gartempe
155;Red Fort;Red Fort
156;Humayun's Tomb;Humayun's Tomb
157;Qutb Minar;Qutb Minar
158;Churches and Convents of Goa;Goa
159;Pattadakal;Pattadakal
160;Khajuraho Group of Monuments;Khajuraho
161;Hampi;Hampi
162;Ajanta Caves;Ajanta Caves
163;Ellora Caves;Ellora Caves
164;Elephanta Caves;Elephanta Caves
165;Sun Temple Konarak;Konarak
166;Hill Forts of Rajasthan;Rajasthan
167;Mahabalipuram;Mahabalipuram
168;Chola Temples;Tanjore
169;Agra Fort;Agra;
170;Taj Mahal;Agra;
171;Fatehpur Sikri;Fatehpur Sikri
172;Wood Buffalo National Park;Wood Buffalo National Park
173;Gulf of Porto;Gulf of Porto
174;Great Smoky Mountains;Great Smoky Mountains
175;Sangay National Park;Sangay National Park
176;Vallée de Mai;Vallée de Mai
177;Sanganeb;Sanganeb
178;Belem;Belem
179;Monastery of Batalha;Batalha
180;Convent of Christ in Tomar;Tomar
181;La Fortaleza and San Juan;San Juan
182;Old City of Berne;Berne
183;Abbey of St Gall;St Gall
184;Benedictine Convent of St. John;St. John
185;Pilgrimage Church of Wies;Wies
186;Lübeck;Lübeck
187;Cuzco;Cuzco
188;Machu Picchu;Machu Picchu
189;Jesuit Missions of the Guaranis;Jesuit Missions
190;Samarra;Samarra
191;Hatra;Hatra
192;Babylon;Babylon
193;Salonga National Park;Salonga
194;Chitwan National Park;Chitwan
195;Cartagena;Cartagena
196;Vatican City;Vatican City
197;Tadrart Acacus;Tadrart Acacus
198;Castles of Augustusburg and Falkenlust;Augustusburg and Falkenlust
199;Lake Malawi;Lake Malawi
200;Cologne Cathedral;Cologne
201;Anjar;Anjar
202;Baalbek;Baalbek
203;Byblos;Byblos
204;Tyre;Tyre
205;Québec;Québec
206;Mana Pools;Mana Pools
207;Iguazu National Park;Iguazu
208;Canadian Rocky Mountain Parks;Canadian Rockies
209;Matobo Hills;Matobo Hills
210;Statue of Liberty;Statue of Liberty
211;Yosemite National Park;Yosemite
212;Salvador de Bahia;Salvador de Bahia
213;Altamira Cave;Altamira
214;Segovia;Segovia
215;Asturian Monuments;Asturias
216;Cordoba;Córdoba
217;Granada;Granada
218;Burgos Cathedral;Burgos
219;El Escurial;El Escurial
220;Works of Antoni Gaudí;Gaudí Works
221;Bagerhat;Bagerhat
222;Buddhist Vihara at Paharpur;Paharpur
223;Royal Palaces of Abomey;Abomey
224;Petra;Petra
225;Quseir Amra;Quseir Amra
226;Chavin;Chavin
227;Medina of Marrakesh;Marrakesh
228;Kerkuane;Kerkuane
229;Huascaran National Park;Huascaran
230;Congonhas;Congonhas
231;Nanda Devi and Valley of Flowers;Nanda Devi
232;Kaziranga National Park;Kaziranga
233;Manas Wildlife Sanctuary;Manas
234;Keoladeo National Park;Keoladeo
235;Pont du Gard;Nîmes;
236;Fortified City of Carcassonne;Carcassonne;
237;Santiago de Compostela;Santiago de Compostela;
238;Avila;Ávila;
239;Painted Churches in the Troodos Region;Troodos Mountains;
240;Rock Art of Alta;Alta;
241;Chaco Culture;Nageezi;
242;Waterton Glacier International Peace Park;Waterton Park;
243;Iguacu;Foz do Iguaçu;
244;Istanbul;Istanbul;
245;Göreme NP;Göreme;
246;Divrigi;Divriği;
247;Thracian tomb of Sveshtari;Sveshtari;
248;Evora;Évora;
249;Ghadames;Ghadames;
250;Great Zimbabwe;Masvingo;
251;Khami Ruins;Khami;
252;Chan Chan;Trujillo;
253;Trier;Trier;
254;Gondwana Rainforests;Queensland;
255;Giant's Causeway;County Antrim;
256;Durham Castle and Cathedral;Durham;
257;Ironbridge Gorge;Ironbridge;
258;Studley Royal Park;Ripon;
259;Stonehenge;Salisbury;
260;Gwynedd Castles;Gwynedd;
261;Hattusha;Boğazkale;
262;Mudejar Architecture of Aragon;Zaragoza;
263;Toledo;Toledo;
264;Garajonay;La Gomera;
265;Salamanca;Salamanca;
266;Seville;Seville;
267;Caceres;Cáceres;
268;Sana'a;Sana'a;
269;St. Kilda;St. Kilda;
270;Studenica Monastery;Studenica;
271;Skocjan Caves;Škocjan;
272;Temple of Apollo Epicurius at Bassae;Bassae;
273;Archaeological Site of Delphi;Delphi;
274;Venice and its Lagoon;Venice;
275;Piazza del Duomo (Pisa);Pisa;
276;Castel del Monte;Andria;
277;Budapest;Budapest;
278;Hollókö;Hollókö;
279;Manu National Park;Manu;
280;Kilimanjaro National Park;Moshi;
281;Acropolis;Athens;
282;Sinharaja Forest;Sinharaja;
283;Dja Faunal Reserve;Dja;
284;Hawaii Volcanoes;Hilo;
285;Sian Ka'an;Tulum;
286;Palenque;Palenque;
287;Mexico City and Xochimilco;Mexico City;
288;Teotihuacan;San Juan Teotihuacan;
289;Oaxaca and Monte Alban;Oaxaca;
290;Puebla;Puebla;
291;Ibiza;Ibiza;
292;Gros Morne National Park;Rocky Harbour;
293;Potosi;Potosí;
294;Tongariro National Park;Ohakune;
295;Lake District;Windermere;
296;Blenheim Palace;Woodstock;
297;Westminster;London;
298;City of Bath;Bath;
299;New Lanark;Lanark;
300;Frontiers of the Roman Empire;Hadrian's Wall;
301;Bahla Fort;Bahla;
302;Bat Al-Khutm and Al-Ayn;Bat;
303;Mount Taishan;Taian;
304;Great Wall;Beijing;
305;Imperial Palace;Beijing;
306;Mogao Caves;Dunhuang;
307;Mausoleum of the First Qin Emperor;Xi'an;
308;Monticello;Charlottesville;
309;Ksar of Aït Ben Haddou;Aït Ben Haddou;
310;Brasilia;Brasilia;
311;Uluru;Yulara;
312;Nemrut Dag;Kahta;
313;Peking Man Site;Zhoukoudian;
314;Kandy;Kandy;
315;Old Town of Galle;Galle;
316;Sundarbans National Park;Kolkata;
317;Mount Athos;Mount Athos;
318;Meteora;Kalambaka;
319;Thessalonika;Thessaloniki;
320;Trinidad and the Valley de los Ingenios;Trinidad;
321;Hortobágy;Hortobágy;
322;Manovo-Gounda St. Floris;Manovo-Gounda;
323;Chongoni Rock Art;Chongoni;
324;Luang Prabang;Luang Prabang;
325;Vat Phou;Champasak;
326;Guanajuato;Guanajuato;
327;Chichen-Itza;Chichen Itza;
328;Xanthos-Letoon;Xanthos;
329;Hierapolis-Pamukkale;Pamukkale;
330;Wet Tropics of Queensland;Cairns;
331;Henderson Island;Henderson Island;
332;Tower of London;London;
333;Epidaurus;Epidaurus;
334;Taos Pueblo;Taos;
335;Rhodes;Rhodes;
336;Andrefana Dry Forests;Andrefana;
337;Strasbourg;Strasbourg;
338;Canterbury;Canterbury;
339;Medina of Sousse;Sousse;
340;Kairouan;Kairouan;
341;Lima;Lima;
342;Vigan;Vigan;
343;Monastery of Alcobaça;Alcobaça;
344;Banc d'Arguin;Nouadhibou;
345;Victoria Falls;Livingstone;
346;Mystras;Mystras;
347;Neolithic Orkney;Kirkwall;
348;Abbey and Altenmünster of Lorsch;Lorsch;
349;Cliff of Bandiagara;Bandiagara;
350;Olympia;Olympia;
351;Poblet Monastery;Poblet;
352;Úbeda and Baeza;Úbeda;
353;Sanchi;Sanchi;
354;Santo Domingo;Santo Domingo;
355;Kyiv Cathedral and Lavra;Kyiv;
356;Jesuit Missions of the Chiquitos;San Ignacio de Velasco;
357;Delos;Delos;
358;Potsdam;Potsdam;
359;Garden Kingdom of Dessau-Wörlitz;Dessau;
360;Quedlinburg;Quedlinburg;
361;Daphni Hosios Loukas and Nea Moni of Chios;Chios;
362;St. Petersburg;St. Petersburg;
363;Vilnius;Vilnius;
364;Itchan Kala;Khiva;
365;Kizhi Pogost;Kizhi Island;
366;Kremlin and Red Square;Moscow;
367;Maulbronn Monastery;Maulbronn;
368;Huangshan;Huangshan;
369;Rio Abiseo National Park;Rio Abiseo;
370;Royal Palace at Caserta;Caserta;
371;San Gimignano;San Gimignano;
372;Te Wahipounamu;Te Wahipounamu;
373;Whale Sanctuary of El Vizcaino;El Vizcaino;
374;Birka and Hovgarden;Birka;
375;Engelsberg Ironworks;Engelsberg;
376;Rock Carvings in Tanum;Tanum;
377;Skogskyrkogarden;Stockholm;
378;Drottningholm;Drottningholm;
379;Paquimé;Paquimé;
380;Rangiri Dambulla Cave Temple;Dambulla;
381;Zamość;Zamość;
382;Kasbah of Algiers;Algiers;
383;Sucre;Sucre;
384;Tiwanaku;Tiwanaku;
385;Berat and Gjirokastra;Berat;
386;Butrint;Butrint;
387;Air and Ténéré;Agadez;
388;Sukhothai;Sukhothai;
389;Ban Chiang;Ban Chiang;
390;Ayutthaya;Ayutthaya;
391;Heard and McDonald Islands;Heard Island;
392;Shark Bay;Shark Bay;
393;Sammallahdenmäki;Sammallahdenmäki;
394;Old Rauma;Rauma;
395;Fortress of Suomenlinna;Suomenlinna;
396;Petäjävesi Old Church;Petäjävesi;
397;Morelia;Morelia;
398;Rohtas Fort;Rohtas;
399;Danube Delta;Tulcea;
400;Dong Phayayen;Nakhon Ratchasima;
401;Thungyai-Huai Kha Khaeng;Kanchanaburi;
402;Borobudur;Magelang;
403;Sangiran Early Man Site;Sangiran;
404;Pythagoreion and Heraion of Samos;Pythagoreio;
405;Villages with Fortified Churches;Transylvania;
406;Monastery of Horezu;Horezu;
407;Churches of Moldavia;Moldavia;
408;Island of Mozambique;Mozambique Island;
409;Banks of the Seine;Paris;
410;Reims;Reims;
411;Bukhara;Bukhara;
412;Samarkand;Samarkand;
413;Novgorod;Veliky Novgorod;
414;Serra da Capivara;Serra da Capivara;
415;Ujung Kulon National Park;Ujung Kulon;
416;Komodo National Park;Komodo Island;
417;Zabid;Zabid;
418;Ruins of León Viejo;León;
419;Safranbolu;Safranbolu;
420;Prague;Prague;
421;Cesky Krumlov;Cesky Krumlov;
422;Banska Stiavnica;Banska Stiavnica;
423;Spissky Hrad and Levoca;Levoca;
424;Telc;Telc;
425;Vlkolinec;Vlkolinec;
426;Rammelsberg and Goslar;Goslar;
427;Bamberg;Bamberg;
428;Mir Castle;Mir;
429;Macquarie Island;Macquarie Island;
430;Fraser Island;Fraser Island;
431;El Tajin;El Tajín;
432;Solovetsky Islands;Solovetsky Islands;
433;White Monuments of Vladimir and Suzdal;Vladimir;
434;Church of the Ascension Kolomenskoye;Moscow;
435;Bourges Cathedral;Bourges;
436;Jiuzhaigou Valley;Jiuzhaigou;
437;Huanglong;Huanglong;
438;Wulingyuan;Zhangjiajie;
439;Prambanan;Prambanan;
440;Jesuit Missions of Trinidad and Jesus;Trinidad;
441;Puerto-Princesa Subterranean River;Puerto Princesa;
442;Tubbataha Reefs;Tubbataha Reefs;
443;Trinity Sergius Lavra;Sergiev Posad;
444;Coro and its Port;Coro;
445;Brú na Bóinne;Brú na Bóinne;
446;Horyu-ji Area;Ikaruga;
447;Himeji-jo;Himeji;
448;Yakushima;Yakushima;
449;Shirakami-Sanchi;Shirakami-Sanchi;
450;Mérida;Mérida;
451;Santa Maria de Guadalupe;Cáceres;
452;Lumbini;Lumbini;
453;Angkor;Siem Reap;
454;Route of Santiago de Compostela;Santiago de Compostela;
455;Matera;Matera;
456;Ha Long Bay – Cat Ba Archipelago;Ha Long Bay;
457;Joya de Ceren;Joya de Ceren;
458;Zacatecas;Zacatecas;
459;Baroque Churches;Manila;
460;Huế;Huế;
461;Bwindi Impenetrable National Park;Bwindi;
462;Rwenzori Mountains;Rwenzori Mountains;
463;Donana National Park;El Rocío;
464;Miguasha National Park;Miguasha;
465;Völklingen Ironworks;Völklingen;
466;Ancient Kyoto;Kyoto;
467;As-Salt;As-Salt;
468;Pilgrimage Church of St. John of Nepomuk;Zelená Hora;
469;Odzala-Kokoua;Odzala-Kokoua;
470;Roskilde Cathedral;Roskilde;
471;Kronborg Castle;Helsingør;
472;Jelling;Jelling;
473;Australian Fossil Mammal Sites;Australia;
474;City of Luxembourg;Luxembourg City;
475;Nasca Lines;Nasca;
476;Canaima National Park;Canaima;
477;Popocatepetl monasteries;Amecameca;
478;Mountain Resort Chengde;Chengde;
479;Temple Mansion and Cemetery of Confucius;Qufu;
480;Wudang Mountains;Shiyan;
481;Potala Palace;Lhasa;
482;Mtskheta;Mtskheta;
483;Upper Svaneti;Mestia;
484;Gelati Monastery;Kutaisi;
485;Los Katios National Park;Los Katios;
486;Vicenza and the Palladian Villas;Vicenza;
487;Rock Paintings of the Sierra de San Francisco;San Francisco;
488;Rapa Nui;Hanga Roa;
489;Siena;Siena;
490;Okapi Wildlife Reserve;Epulu;
491;Virgin Komi Forests;Komi Republic;
492;Messel Pit;Messel;
493;Carlsbad Caverns;Carlsbad;
494;Rice Terraces of the Philippine Cordilleras;Banaue;
495;Sintra;Sintra;
496;Medieval Monuments in Kosovo;Prizren;
497;Aggtelek and Slovak Karst;Aggtelek;
498;Naples;Naples;
499;Edinburgh;Edinburgh;
500;Bauhaus Sites;Weimar;
501;Crespi d'Adda;Crespi d'Adda;
502;Visby;Visby;
503;Kutna Hora;Kutná Hora;
504;Ferrara;Ferrara;
505;Shirakawa-go and Gokayama;Shirakawa;
506;Seokguram Grotto and Bulguksa Temple;Gyeongju;
507;Haeinsa Temple;Haeinsa;
508;Jongmyo Shrine;Seoul;
509;Schokland;Schokland;
510;Gough and Inaccessible Islands;Gough Island;
511;Old Town Lunenburg;Lunenburg;
512;Santa Cruz de Mompox;Santa Cruz de Mompox;
513;Tierradentro;Tierradentro;
514;San Agustín;San Agustín;
515;Colonia del Sacramento;Colonia del Sacramento;
516;W-Arly-Pendjari Complex;W-Arly-Pendjari;
517;Ancient ksours;Ksour;
518;Verla Groundwood and Board Mill;Verla;
519;Medina of Essaouira;Essaouira;
520;Lake Baikal;Irkutsk;
521;Oporto;Porto;
522;Sceilg Mhichíl;Sceilg Mhichíl;
523;Pannonhalma;Pannonhalma;
524;Dutch Water Defence Lines;Amsterdam;
525;Kunta Kinteh Island;Kunta Kinteh Island;
526;Gammelstad;Luleå;
527;Lednice-Valtice Cultural Landscape;Lednice;
528;Belize Barrier Reef;Belize City;
529;Volcanoes of Kamchatka;Petropavlovsk-Kamchatsky;
530;Central Sikhote-Alin;Sikhote-Alin;
531;Golden Mountains of Altai;Gorno-Altaysk;
532;Uvs Nuur Basin;Uvs Nuur;
533;Canal du Midi;Toulouse;
534;Fertő/Neusiedlersee;Neusiedlersee;
535;Pyrénées - Mont Perdu;Luchon;
536;Laponian Area;Arvidsjaur;
537;Genbaku Dome;Hiroshima;
538;Itsukushima Shrine;Miyajima;
539;Haghpat and Sanahin;Haghpat;
540;Lushan National Park;Jiujiang;
541;Mount Emei-Leshan Giant Buddha;Leshan;
542;Archaeological Site of Aigai;Vergina;
543;Cuenca;Cuenca;
544;La Lonja de la Seda;Valencia;
545;Luther Memorials;Wittenberg;
546;Salzburg;Salzburg;
547;Semmering Railway;Semmering;
548;Schönbrunn;Vienna;
549;The trulli of Alberobello;Alberobello;
550;Ravenna;Ravenna;
551;Pienza;Pienza;
552;Panamá;Panama City;
553;Uxmal;Uxmal;
554;Querétaro;Querétaro;
555;Meknes;Meknes;
556;Dougga/Thugga;Dougga;
557;Maritime Greenwich;Greenwich;
558;Verona;Verona;
559;The Sundarbans;Khulna;
560;Mount Kenya;Nanyuki;
561;Lake Turkana;Lake Turkana;
562;Las Medulas;Las Médulas;
563;Palau de la Musica Catalana & Hospital de Sant Pau;Barcelona;
564;Yuso and Suso Monasteries;San Millán de la Cogolla;
565;Hallstatt-Dachstein;Hallstatt;
566;Euphrasian Basilica in Porec;Poreč;
567;Trogir;Trogir;
568;Old Town of Lijiang;Lijiang;
569;Ping Yao;Pingyao;
570;Classical Gardens of Suzhou;Suzhou;
571;Morne Trois Pitons;Morne Trois Pitons;
572;Hospicio Cabañas;Guadalajara;
573;Changdeokgung Palace Complex;Seoul;
574;Hwaseong Fortress;Suwon;
575;Kinderdijk;Kinderdijk;
576;Willemstad;Willemstad;
577;Cocos Island;Cocos Island;
578;São Luis;São Luís;
579;Tallinn;Tallinn;
580;Residences of the Royal House of Savoy;Turin;
581;Botanical Garden;Padua;
582;Aquileia;Aquileia;
583;Portovenere Cinque Terre and the Islands;Portovenere;
584;Modena;Modena;
585;Urbino;Urbino;
586;Pompei;Pompei;
587;Costiera Amalfitana;Amalfi;
588;Agrigento;Agrigento;
589;Villa Romana del Casale;Piazza Armerina;
590;Su Nuraxi di Barumini;Barumini;
591;Torun;Torun;
592;Volubilis;Volubilis;
593;Medina of Tétouan;Tétouan;
594;Alejandro de Humboldt National Park;Baracoa;
595;Viñales Valley;Viñales;
596;San Pedro de la Roca Castle;Santiago de Cuba;
597;Cilento and Vallo di Diano;Salerno;
598;Classical Weimar;Weimar;
599;Malbork Castle;Malbork;
600;Choirokoitia;Choirokoitia;
601;Troy;Hisarlik;
602;Qadisha Valley;Qadisha Valley;
603;Riga;Riga;
604;Early Christian Necropolis of Pécs;Pécs;
605;East Rennell;East Rennell;
606;Flemish Béguinages;Bruges;
607;The Four Lifts;Ghent;
608;Grand Place Brussels;Brussels;
609;Holy Trinity Column;Olomouc;
610;Gardens and Castle at Kroměříž;Kroměříž;
611;Holasovice;Holasovice;
612;Tlacotalpan;Tlacotalpan;
613;Santa Ana de los Rios de Cuenca;Cuenca;
614;L'viv;L'viv;
615;Coa Valley and Siega Verde;Coa Valley;
616;Ir. D.F. Woudagemaal;Leeuwarden;
617;Routes of Santiago de Compostela in France;Saint-Jean-Pied-de-Port;
618;Ancient Nara;Nara;
619;Karlskrona;Karlskrona;
620;Lyon;Lyon;
621;Provins;Provins;
622;Rock Art of the Mediterranean Basin;Algeria;
623;Tarraco;Tarragona;
624;Alcala de Henares;Alcalá de Henares;
625;Sub-Antarctic Islands;New Zealand;
626;Summer Palace;Beijing;
627;Temple of Heaven;Beijing;
628;El Fuerte de Samaipata;Samaipata;
629;Bellinzone;Bellinzona;
630;Shakhrisyabz;Shakhrisyabz;
631;Ancient Merv;Mary;
632;Kuk;Kuk;
633;Desembarco del Granma National Park;Granma;
634;Diamantina;Diamantina;
635;Discovery Coast;Discovery Coast;
636;Atlantic Forest South-East;Atlantic Forest;
637;Campeche;Campeche;
638;Museumsinsel (Museum Island);Berlin;
639;Wartburg Castle;Eisenach;
640;High Coast / Kvarken Archipelago;Kvarken Archipelago;
641;Beemster Polder;Beemster;
642;Western Caucasus;Western Caucasus;
643;Litomysl Castle;Litomyšl;
644;Sighisoara;Sighisoara;
645;Wooden Churches of Maramures;Maramureș;
646;Kalwaria Zebrzydowska;Kalwaria Zebrzydowska;
647;Dacian Fortresses;Dacian Fortresses;
648;Villa Adriana (Tivoli);Tivoli;
649;Isole Eolie;Aeolian Islands;
650;Brimstone Hill Fortress;Basseterre;
651;Mount Wuyi;Mount Wuyi;
652;Dazu Rock Carvings;Dazu;
653;Nikko;Nikko;
654;iSimangaliso Wetland Park;St. Lucia;
655;Fossil Hominid Sites;Sterkfontein;
656;Robben Island;Robben Island;
657;Greater Blue Mountains;Katoomba;
658;Rani-ki-Vav;Patan;
659;Rock Shelters of Bhimbetka;Bhopal;
660;Guanacaste;Liberia;
661;San Cristobal de La Laguna;San Cristóbal de La Laguna;
662;Palmeral of Elche;Elche;
663;Graz;Graz;
664;Saint-Emilion;Saint-Émilion;
665;Loire Valley;Loire Valley;
666;Laurisilva of Madeira;Funchal;
667;Cueva de las Manos;Perito Moreno;
668;Peninsula Valdes;Puerto Madryn;
669;Sukur;Sukur;
670;Xochicalco;Xochicalco;
671;Paramaribo;Paramaribo;
672;Mycenae and Tiryns;Mycenae;
673;Island of Patmos;Patmos;
674;Belfries;Bruges;
675;Mountain Railways of India;Darjeeling;
676;Chhatrapati Shivaji Terminus;Mumbai;
677;Mostar;Mostar;
678;Hoi An;Hoi An;
679;My Son;Quang Nam;
680;Ambohimanga;Ambohimanga;
681;Phong Nha - Ke Bang;Phong Nha;
682;Saint Catherine Area;Saint Catherine;
683;Lorentz National Park;Lorentz;
684;Island of Saint-Louis;Saint-Louis;
685;Walled City of Baku;Baku;
686;Valparaiso;Valparaiso;
687;Monastery of Geghard;Geghard;
688;Cathedral of St. James in Sibenik;Šibenik;
689;Rietveld Schröderhuis;Utrecht;
690;Ischigualasto / Talampaya;Ischigualasto;
691;Noel Kempff Mercado National Park;Noel Kempff;
692;Southern Åland;Åland Islands;
693;Wachau Cultural Landscape;Wachau;
694;Churches of Chiloé;Chiloé;
695;Gusuku of Ryukyu;Okinawa;
696;Bardejov Town;Bardejov;
697;Reichenau;Reichenau;
698;Zollverein;Essen;
699;Gyeongju;Gyeongju;
700;Ganghwa Dolmen;Gochang;
701;Corfu;Corfu;
702;Kazan Kremlin;Kazan;
703;Bolgar;Bolgar;
704;Ferapontov Monastery;Ferapontovo;
705;St. George's Bermuda;Saint George's;
706;Blaenavon Industrial Landscape;Blaenavon;
707;Maloti-Drakensberg Park;Maloti-Drakensberg;
708;Ciudad Universitaria de Caracas;Caracas;
709;Roman Walls of Lugo;Lugo;
710;Vall de Boi;Vall de Boi;
711;Atapuerca;Atapuerca;
712;Assisi;Assisi;
713;Goias;Goias;
714;Curonian Spit;Curonian Spit;
715;Jesuit Block and Estancias of C�rdoba;Córdoba;
716;Brugge;Brugge;
717;Central Amazon Conservation Complex;Manaus;
718;Pantanal;Campo Grande;
719;Brazilian Atlantic Islands;Fernando de Noronha;
720;Mount Qingcheng and Dujiangyan;Dujiangyan;
721;Xidi and Hongcun;Hongcun;
722;Longmen Grottoes;Luoyang;
723;Imperial Tombs;Beijing;
724;Major Town Houses;Bruges;
725;Neolithic Flint Mines at Spiennes;Spiennes;
726;Cape Floral Region;Cape Town;
727;First Coffee Plantations;Trinidad;
728;Notre-Dame Cathedral in Tournai;Tournai;
729;Land of Frankincense;Salalah;
730;Echmiatsin and Zvartnots;Echmiatsin;
731;Kinabalu Park;Kinabalu Park;
732;Gunung Mulu;Mulu;
733;Niah Caves;Niah;
734;Arequipa;Arequipa;
735;Central Suriname Nature Reserve;Suriname;
736;Ephesus;Selçuk;
737;Tsodilo;Tsodilo;
738;Tombs of Buganda Kings;Kasubi;
739;Wrangel Island;Wrangel Island;
740;Val di Noto;Noto;
741;Villa d'Este;Tivoli;
742;Val d'Orcia;Pienza;
743;Falun Great Copper Mountain;Falun;
744;Saltaire;Saltaire;
745;Dorset and East Devon Coast;Dorset;
746;Derwent Valley Mills;Derwent Valley;
747;Guimar�es;Guimarães;
748;Vienna;Vienna;
749;Cerrado Protected Areas;Cerrado;
750;Swiss Alps Jungfrau-Aletsch;Jungfrau;
751;Yungang Grottoes;Datong;
752;Masada;Masada;
753;Old City of Acre;Acre;
754;Aranjuez;Aranjuez;
755;Alto Douro;Pinhão;
756;Tugendhat Villa;Brno;
757;Wooden Churches of Southern Malopolska;Zalipie;
758;Churches of Peace;Świdnica;
759;Lamu Old Town;Lamu;
760;Mahabodhi Temple Complex;Bodh Gaya;
761;Mazagan;El Jadida;
762;Kenya Lake System;Nakuru;
763;Calakmul;Calakmul;
764;Tokaji Wine Region;Tokaj;
765;Upper Middle Rhine Valley;Koblenz;
766;Stralsund and Wismar;Stralsund;
767;Sacri Monti of Piedmont and Lombardy;Varallo;
768;Derbent;Derbent;
769;Gebel Barkal;Karima;
770;Gobustan Rock Art;Gobustan;
771;Takht-e Soleyman;Takht-e Soleyman;
772;Trebic;Třebíč;
773;Franciscan Missions in the Sierra Gorda;Querétaro;
774;Orkhon Valley;Orkhon;
775;Three parallel rivers of Yunnan;Lijiang;
776;Kew Gardens;London;
777;Town Hall and Roland;Bremen;
778;Monte San Giorgio;Lugano;
779;Koguryo Tombs;Nampo;
780;Um er-Rasas;Jordan;
781;Purnululu National Park;Purnululu;
782;White City of Tel-Aviv;Tel Aviv;
783;Novodevichy Convent;Moscow;
784;Mapungubwe;Mapungubwe;
785;Rio de Janeiro;Rio de Janeiro;
786;Champaner-Pavagadh;Pavagadh;
787;Saryarka;Steppe;
788;Mausoleum of Khoja Ahmed Yasawi;Turkistan;
789;Pasargadae;Pasargadae;
790;Incense Route of the Negev;Negev;
791;Biblical Tells;Tel Aviv;
792;Macao;Macao;
793;Hani Rice Terraces;Honghe;
794;Kaiping Diaolou;Kaiping;
795;Fujian Tulou;Fujian;
796;Yin Xu;Anyang;
797;Lagoons of New Caledonia;Noumea;
798;Quebrada de Humahuaca;Humahuaca;
799;Pico Island;Madalena;
800;Osun-Osogbo;Osogbo;
801;Coffee Cultural Landscape;Manizales;
802;Muskauer Park;Bad Muskau;
803;Ashur;Ashur;
804;Royal Exhibition Building;Melbourne;
805;Primeval Beech Forests;Carpathians;
806;Grimeton Radio Station;Grimeton;
807;Koguryo Kingdom;Pyongyang;
808;Luis Barragán House and Studio;Mexico City;
809;Kernav?;Kernavė;
810;Coiba National Park;Coiba;
811;Tomb of Askia;Gao;
812;Koutammakou;Koutammakou;
813;Sarazm;Sarazm;
814;Kii Mountain Range;Kii Mountains;
815;Vega�yan;Vegaåyan;
816;Tanbaly;Tanbaly;
817;Lop�-Okanda;Lopé;
818;Ilulissat Icefjord;Ilulissat;
819;Thingvellir;Thingvellir;
820;Causses and C�vennes;Montpellier;
821;Regensburg;Regensburg;
822;Etruscan Necropolises;Tarquinia;
823;Madriu-Perafita-Claror Valley;Escaldes-Engordany;
824;Pitons Management Area;Soufrière;
825;Vredefort Dome;Vredefort;
826;Centennial Hall;Wrocław;
827;Tropical Rainforest Sumatra;Gunung Leuser;
828;Yaroslavl;Yaroslavl;
829;Chiribiquete National Park;Chiribiquete;
830;Humberstone and Santa Laura Saltpeter Works;Iquique;
831;Swiss Tectonic Arena Sardona;Sardona;
832;Le Havre;Le Havre;
833;Gulf of California;La Paz;
834;Kondoa;Kondoa;
835;Plantin-Moretus Museum;Antwerp;
836;Wadi Al-Hitan;Wadi Al-Hitan;
837;Struve Geodetic Arc;Nizhny Arkhyz;
838;Soltaniyeh;Soltaniyeh;
839;Harar Jugol;Harar;
840;Qal'at al-Bahrain;Qal'at al-Bahrain;
841;Shiretoko;Shiretoko;
842;Bali Subak system;Ubud;
843;West Norwegian Fjords;Bergen;
844;Nesvizh;Nesvizh;
845;Kunya-Urgench;Kunya-Urgench;
846;Syracuse;Syracuse;
847;Cienfuegos;Cienfuegos;
848;Central Highlands;Nuwara Eliya;
849;Aflaj irrigation system;Rustaq;
850;Bam Cultural Landscape;Bam;
851;Tequila;Tequila;
852;Genoa;Genoa;
853;Sichuan Giant Panda Sanctuaries;Chengdu;
854;Sewell Mining Town;Sewell;
855;Cornwall and West Devon Mining Landscape;Cornwall;
856;Malpelo;Malpelo;
857;Vizcaya Bridge;Bilbao;
858;Bahá'i Holy Places;Haifa;
859;Rideau Canal;Ottawa;
860;Bisotun;Bisotun;
861;Melaka and George Town;Melaka;
862;Preah Vihear Temple;Preah Vihear;
863;Ruins of Loropéni;Loropéni;
864;Stone Circles of Senegambia;Senegambia;
865;Aapravasi Ghat;Port Louis
866;Crac des Chevaliers;Homs
867;Sulaiman-Too;Osh
868;Mijikenda Kaya Forests;Kilifi
869;Putorana Plateau;Norilsk
870;León Cathedral;León
871;Dolomites;Belluno
872;Berlin Modernism Housing Estates;Berlin
873;Stari Grad Plain;Stari Grad
874;Nisa;Türkmenabat
875;Lavaux Vineyard Terraces;Lavaux
876;San Marino and Mount Titano;San Marino
877;Iwami Ginzan Silver Mine;Oda
878;South China Karst;Guilin
879;Central University City Campus of the UNAM;Mexico City
880;Tajik National Park;Dushanbe
881;Gamzigrad-Romuliana;Zajecar
882;Twyfelfontein;Twyfelfontein
883;Bordeaux;Bordeaux
884;Rainforests of the Atsinanana;Antananarivo
885;Teide National Park;La Orotava
886;Le Morne;Le Morne
887;Mehmed Paša Sokolović Bridge;Višegrad
888;Armenian Monastic Ensembles;Tatev
889;Socotra Archipelago;Hadibu
890;Jeju;Jeju City
891;Richtersveld;Oranjemund
892;Surtsey;Surtsey
893;Agadez;Agadez
894;Caral-Supe;Caral
895;Camagüey;Camagüey
896;São Francisco Square;São João Nepomuceno
897;Wooden Churches of the Slovak Carpathians;Kežmarok
898;San Miguel de Allende;San Miguel de Allende
899;Rhaetian Railway;St. Moritz
900;Hiraizumi;Hiraizumi
901;Kaesong;Kaesong
902;Mount Wutai;Wutai
903;Chief Roi Mata's Domain;Port Vila
904;Decorated Farmhouses of Hälsingland;Bollnäs
905;Fortifications of Vauban;Neuf-Brisach
906;Joggins Fossil Cliffs;Joggins
907;Mantua and Sabbioneta;Mantua
908;Monarch Butterfly Biosphere Reserve;Angangueo
909;Mount Sanqingshan;Sanqingshan
910;Hegra;AlUla
911;Fort Jesus;Mombasa
912;Stoclet House;Brussels
913;Lena Pillars;Lena River
914;La Chaux-de-Fonds / Le Locle;La Chaux-de-Fonds
915;Pontcysyllte Aqueduct and Canal;Llangollen
916;Dengfeng;Dengfeng
917;Australian Convict Sites;Sydney
918;Paraty and Ilha Grande;Paraty
919;Cidade Velha;Cidade Velha
920;Tower of Hercules;A Coruña
921;Heritage of Mercury;Almadén
922;Wadden Sea;Harlingen
923;Shushtar;Shushtar
924;Pitons of Reunion;Saint-Louis
925;Longobards in Italy;Brescia
926;Royal Joseon Tombs;Gyeongju
927;The Architectural Work of Le Corbusier;Chandigarh
928;Grand-Bassam;Grand-Bassam
929;Hahoe and Yangdong;Andong
930;Phoenix Islands;Tarawa
931;Papahanaumokuakea;Honolulu
932;Thang Long;Hanoi
933;Turaif Quarter;Turaif
934;Residence of Bukovinian & Dalmatian Metropolitans;Chernivtsi
935;Konso;Konso
936;West Lake;Hangzhou
937;China Danxia;Langshan
938;Meroe;Meroe
939;Albi;Albi
940;Jantar Mantar;Jaipur
941;Bikini Atoll;Bikini Atoll
942;Western Ghats;Pune
943;Al Ain;Al Ain
944;Mining Sites of Wallonia;Liège
945;Safi al-Din Ensemble in Ardabil;Ardabil
946;Tabriz Bazaar;Tabriz
947;Ancient villages of Northern Syria;Alep
948;Amsterdam Canal Ring;Amsterdam
949;Camino Real;Mexico City
950;Caves of Yagul and Mitla;Oaxaca
951;Blue and John Crow Mountains;Kingston
952;Citadel of the Ho Dynasty;Thanh Hóa
953;Saloum Delta;Kaolack
954;Nord-Pas de Calais Mining Basin;Lens
955;Historic Jeddah;Jeddah
956;Ogasawara Islands;Chichijima
957;Prehistoric Pile Dwellings;Zurich
958;Pearling;Muharraq
959;Selimiye Mosque;Edirne
960;Elvas;Elvas
961;Fagus Factory;Alfeld
962;Ningaloo Coast;Exmouth
963;Caves of Maresha and Bet Guvrin;Be'er Sheva
964;Serra de Tramuntana;Soller
965;Persian Garden;Shiraz
966;Santiniketan;Santiniketan
967;Bridgetown;Bridgetown
968;Wadi Rum;Wadi Rum
969;Margravial Opera House;Bamberg
970;Sangha Trinational;Nouabalé-Ndoki
971;Petroglyphs of the Mongolian Altai;Altai
972;Rock Islands;Koror
973;University of Coimbra;Coimbra
974;Chengjiang Fossil Site;Chengjiang
975;Site of Xanadu;Xanadu
976;Vineyard Landscape of Piedmont;Alba
977;Mount Carmel Caves;Haifa
978;Lenggong Valley;Lenggong
979;Masjed-e Jāme';Isfahan
980;Gonbad-e Qābus;Gonbad-e Qābus
981;Levuka;Levuka
982;Lakes of Ounianga;Ounianga
983;Rabat;Rabat
984;Al Zubarah;Al Zubarah
985;Mount Hamiguitan;Davao City
986;Grand Pré;Grand Pré
987;Çatalhöyük;Çatalhöyük
988;Great Himalayan National Park;Kullu
989;Bassari Country;Kedougou
990;El Pinacate;Puerto Peñasco
991;Tauric Chersonese;Sevastopol
992;Red Bay Basque Whaling Station;Red Bay
993;Bergpark Wilhelmshöhe;Kassel
994;Xinjiang Tianshan;Ürümqi
995;Pimachiowin Aki;Pimachiowin Aki
996;Stevns Klint;Borre
997;Fujisan;Fujiyoshida
998;Golestan Palace;Tehran
999;Maymand;Maymand
1000;Wooden Tserkvas of the Carpathian Region;Lviv
1001;Burgundy;Dijon
1002;Decorated cave of Pont d'Arc;Vallon-Pont-d'Arc
1003;Mount Etna;Catania
1004;Namib Sand Sea;Swakopmund
1005;Okavango Delta;Maun
1006;Bethlehem;Bethlehem
1007;Chaîne des Puys;Clermont-Ferrand
1008;Poverty Point;Epps
1009;Erbil Citadel;Erbil
1010;Trang An;Ninh Binh
1011;Namhansanseong;Suwon
1012;Great Burkhan Khaldun Mountain;Töv Province
1013;Van Nellefabriek;Rotterdam
1014;Silk Roads Chang'an-Tianshan Corridor;Xi'an
1015;Grand Canal;Beijing
1016;Pyu Ancient Cities;Pyay
1017;Baptism Site "Bethany Beyond the Jordan";Al-Maghtas
1018;Corvey;Höxter
1019;Landscapes of Dauria;Chita
1020;Tomioka Silk Mill;Tomioka
1021;Thimlich Ohinga;Migori
1022;Bursa and Cumalikizik;Bursa
1023;Stone Spheres of the Diquís;Palmar Sur
1024;Susa;Shush
1025;Shahr-i Sokhta;Zabol
1026;Pergamon;Bergama
1027;Qhapaq Ñan;Quito
1028;Kaeng Krachan Forest;Phetchaburi
1029;Aqueduct of Padre Tembleque;Tepeapulco
1030;Fray Bentos;Fray Bentos
1031;Champagne;Reims
1032;San Antonio Missions;San Antonio
1033;Speicherstadt and Kontorhaus District;Hamburg
1034;Moravian Church Settlements;Kolin
1035;Par force hunting landscape;Rudersdal
1036;Naumburg Cathedral;Naumburg
1037;Necropolis of Bet She'arim;Bet She'arim
1038;Rock Art in the Hail Region;Hail
1039;Brâncusi Monumental Ensemble of Târgu Jiu;Târgu Jiu
1040;Tusi Sites;Zhangye
1041;Ennedi Massif;Fada
1042;Baekje Historic Areas;Gongsan
1043;Mining Cultural Landscape Erzgebirge;Annaberg-Buchholz
1044;Victorian Gothic and Art Deco Ensembles of Mumbai;Mumbai
1045;Ahwar of Southern Iraq;Basra
1046;Singapore Botanic Gardens;Singapore
1047;Sites of Japan's Meiji Industrial Revolution;Kobe
1048;Forth Bridge;Edinburgh
1049;Rjukan / Notodden;Rjukan
1050;Arab-Norman Palermo;Palermo
1051;Diyarbakir Fortress and Hevsel Gardens;Diyarbakir
1052;Western Tien-Shan;Almaty
1053;Battir;Battir
1054;Pampulha;Belo Horizonte
1055;Hidden Christian Sites in the Nagasaki Region;Nagasaki
1056;Frank Lloyd Wright Buildings;Chicago
1057;Mistaken Point;Portugal Cove
1058;Seowon Neo-Confucian Academies;Jeonju
1059;Antigua Naval Dockyard;Antigua
1060;Gorham's Cave Complex;Gibraltar
1061;Antequera Dolmens Site;Antequera
1062;Nalanda;Nalanda
1063;Nan Madol;Kolonia
1064;Stećci;Visoko
1065;Lut Desert;Kerman
1066;The Persian Qanat;Yazd
1067;Phu Phrabat;Phu Phrabat
1068;Zuojiang Huashan Rock Art;Binyang
1069;Hubei Shennongjia;Shennongjia
1070;Archipiélago de Revillagigedo;San Benedicto
1071;Mbanza Kongo;Mbanza Kongo
1072;Khangchendzonga National Park;Gangtok
1073;Archaeological site of Philippi;Philippi
1074;Ani;Kars
1075;Aphrodisias;Aphrodisias
1076;Churches of the Pskov School of Architecture;Pskov
1077;Sviyazhsk;Sviyazhsk
1078;Los Alerces National Park;Esquel
1079;Caves and Ice Age Art;Bonn
1080;Talayotic Menorca;Ciutadella
1081;Taputapuātea;Taputapuātea
1082;Sambor Prei Kuk;Sambor Prei Kuk
1083;Venetian Works of Defence;Kotor
1084;Tehuacán-Cuicatlán Valley;Tehuacán
1085;Okinoshima Island;Okinoshima
1086;Kujataa;Qaqortoq
1087;Qalhat;Qalhat
1088;Ivrea;Ivrea
1089;Tarnowskie Góry Lead-Silver-Zinc Mine;Tarnowskie Góry
1090;Qinghai Hoh Xil;Golmud
1091;Kulangsu;Xiamen
1092;Dilmun Burial Mounds;Manama
1093;Yazd;Yazd
1094;ǃKhomani Cultural Landscape;Upington
1095;Valongo Wharf;Rio de Janeiro
1096;Sheki;Sheki
1097;Asmara;Asmara
1098;Ahmadabad;Ahmedabad
1099;Roșia Montană;Roșia Montană
1100;Hedeby and Danevirke;Schleswig
1101;Colonies of Benevolence;Middelburg
S.NO;Site Name;City
1102;Aasivissuit - Nipisat;Kangerlussuaq
1103;Čatec – Landscape of Hops;Žatec
1104;Fanjingshan;Jiujiang
1105;Medina Azahara;Córdoba
1106;Quanzhou;Quanzhou
1107;Sansa Buddhist Mountain Monasteries;Pyeongchang
1108;Al-Ahsa Oasis;Al-Hasa
1109;Tr’ondëk-Klondike;Dawson City
1110;Hebron/Al-Khalil Old Town;Hebron
1111;Funerary and memory sites of the First World War;Compiègne
1112;Sassanid Archaeological Landscape;Fars
1113;Maison Carrée of Nîmes;Nîmes
1114;Rudreshwara (Ramappa) Temple;Warangal
1115;The Prosecco Hills;Valdobbiadene
1116;Göbekli Tepe;Şanlıurfa
1117;Mafra;Mafra
1118;Amami-Oshima Island;Amami
1119;Barberton Makhonjwa Mountains;Barberton
1120;Budj Bim Cultural Landscape;Hamilton
1121;Risco Caido;Tejeda
1122;Water Management System of Augsburg;Augsburg
1123;Hyrcanian Forests;Gorgan
1124;Trans-Iranian Railway;Tehran
1125;Memorial Sites of Genocide;Kigali
1126;Plain of Jars;Xieng Khouang
1127;Bagan;Bagan
1128;Kladruby nad Labem;Kladruby
1129;Bom Jesus do Monte;Braga
1130;Getbol Korean Tidal Flat;Gochang
1131;Liangzhu Archaeological Site;Hangzhou
1132;Mozu-Furuichi Kofungun;Sakai
1133;Jodrell Bank Observatory;Cheshire
1134;Writing-on-Stone / Ćsīnai˘pi;Milk River
1135;Krzemionki prehistoric flint mines;Krzemionki
1136;Ancient ferrous metallurgy sites;Bobo-Dioulasso
1137;French Austral Lands and Seas;Kerguelen Islands
1138;Vatnajökull National Park;Skaftafell
1139;Jaipur City ;Jaipur
1140;Migratory Bird Sanctuaries China;Zhejiang
1141;Danube Limes;Vienna
1142;Ombilin Coal Mining Heritage of Sawahlunto;Sawahlunto
1143;Lençóis Maranhenses National Park;Barreirinhas
1144;Church of Atlântida;Atlântida
1145;Great Spa Towns of Europe;Carlsbad
1146;Mathildenhöhe Darmstadt;Darmstadt
1147;Colchic Rainforests and Wetlands;Batumi
1148;Paseo del Prado and Buen Retiro;Madrid
1149;Himā Cultural area;Najran
1150;Sítio Roberto Burle Marx;Rio de Janeiro
1151;Deer Stone Monuments;Khövsgöl
1152;Arslantepe Mound;Malatya
1153;Padua’s fourteenth-century fresco cycles;Padua
1154;Chankillo Archaeoastronomical Complex;Casma
1155;Cordouan Lighthouse;Le Verdon-sur-Mer
1156;Lower German Limes;Cologne
1157;Jomon Prehistoric Sites;Hokkaido
1158;The Slate Landscape of Northwest Wales;Blaenau Ffestiniog
1159;Chinchorro Culture;Arica
1160;Nice;Nice
1161;ShUM Sites;Speyer
1162;Badain Jaran Desert;Badain Jaran
1163;Djerba;Houmt Souk
1164;Gedeo Cultural landscape;Dilla
1165;Plečnik's Ljubljana;Ljubljana
1166;Dholavira: A Harappan City;Dholavira
1167;Hawraman/Uramanat;Hawraman
1168;Sudanese style mosques;Grand-Bassam
1169;The Porticoes of Bologna;Bologna
1170;Ivindo National Park;Mouila
1171;Petroglyphs of the Lake Onega and the White Sea;Petrozavodsk
1172;Jewish-Medieval heritage of Erfurt;Erfurt
1173;Northern Martinique;Saint-Pierre
1174;Kuldiga;Kuldīga
1175;Viking Age Ring Fortresses;Ring Fortresses
1176;Modernist Kaunas;Kaunas
1177;Si Thep;Si Thep
1178;Tak'alik Ab'aj;El Asintal
1179;Ancient Tea Plantations of Pu'er;Pu'er
1180;Gaya Tumuli;Gaya
1181;Koh Ker;Koh Ker
1182;Persian Caravanserai;Yazd
1183;Gordion;Polatlı
1184;Sacred Ensembles of the Hoysala;Hampi
1185;Yogyakarta;Yogyakarta
1186;Vjetrenica Cave;Vjetrenica
1187;Silk Roads: Zarafshan-Karakum Corridor;Bukhara
1188;Nelson Mandela Legacy Sites;Qunu
1189;Astronomical Observatories of Kazan Federal University;Kazan
1190;Jodensavanne;Jodensavanne
1191;ESMA Site Museum;Buenos Aires
1192;Eisinga Planetarium;Franeker
1193;Tugay forests;Dushanbe
1194;Anticosti;Anticosti
1195;Ancient Jericho;Jericho
1196;Cultural Landscape of Kenozero Lake;Kenozero
1197;Hopewell;Hopewell
1198;Evaporitic Karst and Caves;Matera
1199;Cold winter deserts of Turan;Turan
1200;Wooden Hypostyle Mosques of Medieval Anatolia;Konya
1201;Zagori Cultural Landscape;Ioannina
1202;Khinalig;Khinalig
1203;Nyungwe National Park;Kigali
1204;Sado Island Gold Mines;Sado
1205;'Uruq Bani Ma'arid;Al-Khobar
1206;Ancient Kingdom of Saba;Marib
1207;Rachid Karami International Fair-Tripoli;Tripoli
1208;Odesa;Odesa
1209;Schwerin Residence Ensemble;Schwerin
1210;Marquesas Islands;Nuku Hiva
1211;Via Appia;Rome
1212;Moidams;Kolkata
1213;Al-Faw;Al-Faw
1214;The Royal Court of Tiébélé;Tiébélé
1215;Beijing Central Axis;Beijing
1216;Hegmataneh;Hamedan
1217;Dacian Limes;Alba Iulia
1218;Gedi;Gedi
1219;Umm Al-Jimāl;Umm Al-Jimāl
1220;The Flow Country;Thurso;
1221;The Pleistocene Occupation Sites of South Africa;Sterkfontein;
1222;Tell Umm Amer;Tell Umm Amer;